"Name","Credit Card","Email","Website","Phone","Address","Company","SSN","Passport Number","Job Role"
"Hannah Miles","4539 5272 2222 1876","mailto:hmiles1@email.com","hrproteam.com","555-694-2345","11 Maple St, Denver, CO","HR Pro Team Inc","512-92-3664","XB9823345","HR Manager"
"Marcus Taylor","6011 1555 1102 2601","mailto:marcust@recruity.net","recruity.net","555-678-1199","48 Adams Ave, Phoenix, AZ","Recruity Ltd","215-77-9432","MA6732103","Recruiter"
"Greta Liu","5105 1051 4106 0804","mailto:greta.liu@talenthq.io","talenthq.io","555-321-1890","77 Hill Rd, Seattle, WA","Talent HQ","349-05-2788","BR1098452","HR Coordinator"
"Mark Evans","4111 6543 1109 0982","mailto:mevans@hrrush.com","hrrush.com","555-800-1236","87 College Dr, Dallas, TX","HR Rush","653-87-1033","FA4427921","Talent Acquisition Lead"
"Sara Paredes","3714 496800 50033","mailto:sara.p@polarisop.com","polarisop.com","555-222-4448","93 Oak Cir, Miami, FL","Polaris Staffing","978-77-5428","CV2201340","Staffing Specialist"
"Jake Lambert","6011 3440 5193 1224","mailto:lambert.j@humancore.com","humancore.com","555-893-2212","1160 Pine Ave, Boston, MA","HumanCore","430-22-5776","BN8937001","HR Assistant"
"Suman Desai","3763 456789 15432","mailto:sdesai@recruitwise.com","recruitwise.com","555-443-2133","488 Springs Rd, Houston, TX","RecruitWise","334-64-6597","IW6509204","Recruitment Coordinator"
"Amy Chau","4539 9823 2222 5644","mailto:amy.chau@nexthr.org","nexthr.org","555-999-4567","95 Center Ct, LA, CA","Next HR","621-80-5650","TA0934823","HR Generalist"
"Pierce Vaughn","6011 9831 8574 1196","mailto:vaughnp@staffgen.com","staffgen.com","555-775-0021","10 Sycamore Ln, Chicago, IL","StaffGen","591-17-3648","CV3204188","Recruiting Manager"
"Rosa Fernandez","3792 563411 04122","mailto:rosalinaf@hireworks.com","hireworks.com","555-192-1300","55 Orchard Ave, Raleigh, NC","HireWorks","214-13-6382","KE2204091","HR Recruiter"
"Ivan Ortiz","5105 1929 9092 4420","mailto:ivano.hr@jobherald.com","jobherald.com","555-384-7891","9 Laurel Blvd, Toledo, OH","Job Herald","350-36-9912","AG0931481","Recruiting Coordinator"
"Dawn Ellis","6011 8484 3761 1113","mailto:dawn.ellis@workroot.net","workroot.net","555-016-0775","2259 Horizon St, Tampa, FL","WorkRoot","758-84-6140","SM2091196","HR Business Partner"
"Naoki Sato","3556 932863 09252","mailto:sato.n@onboardcareers.org","onboardcareers.org","555-402-5787","1458 Parkway Pl, NYC, NY","Onboard Careers","214-44-0899","TY2213875","Recruiter"
"Willow James","4532 1167 8008 3324","mailto:willow@careerloop.com","careerloop.com","555-802-5533","203 Lake St, Madison, WI","Career Loop","359-20-4561","RM5830124","Recruitment Specialist"
"Paul Kimball","6011 9930 2844 2877","mailto:paul.kimball@talenthill.com","talenthill.com","555-607-2389","909 Aspen Way, Boise, ID","TalentHill","670-27-2841","JN8042992","HR Analyst"
"Andrea Hopkins","5105 2069 4027 2716","mailto:andrea@inhousehr.com","inhousehr.com","555-711-4652","23 Ridge Ave, Salt Lake, UT","InHouse HR","520-95-0097","JL3876105","Technical Recruiter"
"Samuel Adeyemi","3712 448233 76053","mailto:ademi.samuel@unifyhr.io","unifyhr.io","555-282-0346","811 City View, Detroit, MI","Unify HR","196-98-2870","VC4872131","Senior Recruiter"
"Lina Kostova","6011 2201 9632 1904","mailto:lina.kostova@teamplacer.com","teamplacer.com","555-003-8012","40 Windward Rd, Atlanta, GA","Team Placer","847-61-5553","UR7899445","HR Intern"
"Kevin Chan","4539 6362 1987 0031","mailto:kevin.chan@hireflow.net","hireflow.net","555-405-2481","91 Birchfield, San Jose, CA","HireFlow","987-00-1547","OP2732332","HR Consultant"
"Priya Patel","6011 2019 1016 1248","mailto:priya.patel@hrops.com","hrops.com","555-319-8246","16 Harmony Ln, Charlotte, NC","HR Ops","555-13-9478","EK2103169","Sourcing Specialist"
"Darius Clarke","3714 493238 23412","mailto:dariusc@workforcehq.com","workforcehq.com","555-767-4990","731 Belleview Ave, Boston, MA","WorkForceHQ","310-61-8062","CJ7942150","Human Resources Director"
"Chelsea Rivers","5105 2091 1639 8871","mailto:crivers@bridgehr.net","bridgehr.net","555-087-3528","67 Southgate, Baton Rouge, LA","Bridge HR","284-90-1520","SY1234877","HR Administrator"
"Tom Sullivan","6011 4772 0792 1019","mailto:tom.sullivan@hrtrain.com","hrtrain.com","555-704-3216","54 Misty Dr, Denver, CO","HRTrain","781-58-8906","NJ6492847","Campus Recruiter"
"Isabella Dias","3714 487211 45898","mailto:isabel.dias@talentnow.io","talentnow.io","555-992-1375","12 Mill Dr, Orlando, FL","TalentNow","640-23-5783","WC4561892","HR Talent Partner"
"Zachary Long","4111 9911 1888 1698","mailto:zlong@employsync.com","employsync.com","555-081-2173","86 Westfield St, Seattle, WA","EmploySync","380-08-8743","WY1071884","Executive Recruiter"
"Caitlin Brooks","6011 9000 5623 1139","mailto:caitlin.brooks@recruitlane.com","recruitlane.com","555-961-2874","63 Broadway, NYC, NY","RecruitLane","507-67-9234","GJ4339281","HR Associate"
"Victor Li","3782 884531 46982","mailto:victorli@staffwise.com","staffwise.com","555-311-6901","23 Heather Ct, Portland, OR","Staffwise","963-25-4429","VI9930889","HR Data Analyst"
"Julie Park","6011 2623 8004 8457","mailto:julie.park@grouprecruit.com","grouprecruit.com","555-251-3502","73 Union St, Chicago, IL","Group Recruiters","770-10-1677","HE1968897","Recruiting Specialist"
"Hugo Carmona","5105 7927 6029 9832","mailto:hcarmona@talentbridge.org","talentbridge.org","555-958-6711","19 Sunview, Cleveland, OH","TalentBridgeInc","691-39-6525","ZU2043912","HR Officer"
"Ramya Menon","3512 839298 12972","mailto:rmenon@careerbeacon.com","careerbeacon.com","555-665-1230","1357 Wayne Blvd, Austin, TX","CareerBeacon","812-33-7551","CX2031940","HR Director"
"Lucas Shin","6011 8881 3323 3001","mailto:lucas.shin@prexisrecruit.com","prexisrecruit.com","555-117-4949","82 Tempo Dr, Seattle, WA","Prexis Recruiting","397-90-6688","VX4567821","Organizational Developer"
"Mila Rosen","4539 5191 2211 4428","mailto:mila.r@pinnaclehr.com","pinnaclehr.com","555-884-2392","702 Foxfield Ave, Tampa, FL","Pinnacle HR","552-17-3759","HR7832836","HR Specialist"
"Emeka Okafor","4716 8890 9016 6557","mailto:emeka.o@virtualtalent.net","virtualtalent.net","555-430-0267","92 Journey Dr, Dallas, TX","Virtual Talent","682-42-9543","PT2043917","HR Business Analyst"
"Verity Stone","6011 2741 9922 1872","mailto:verity.stone@recruitlift.com","recruitlift.com","555-382-1169","41 Willow St, Houston, TX","RecruitLift","816-53-7094","TA3429125","Talent Acquisition Manager"
"Dylan Foster","4532 2987 9088 1729","mailto:dylan@nextstaff.com","nextstaff.com","555-447-3917","375 Woodward Rd, Madison, WI","Next Staff","184-97-2148","HR1039286","HR Representative"
"Nina Alvarez","3712 596238 77432","mailto:nina.alvarez@apexrecruit.com","apexrecruit.com","555-795-2903","24 Center Pl, Orlando, FL","Apex Recruit","900-02-6229","KL5682012","Lead Recruiter"
"Wayne Park","5105 1931 2017 9092","mailto:waynep@onestaff.net","onestaff.net","555-713-3892","65 Savannah Ave, Denver, CO","OneStaff","530-22-9145","PT2733311","HR Project Coordinator"
"Emily Rook","6011 1980 2002 8752","mailto:emily.rook@futurehr.org","futurehr.org","555-214-5801","48 Shore Rd, Austin, TX","Future HR","714-57-1226","CB5693990","Junior Recruiter"
"Jordan Muller","4539 2101 3122 8437","mailto:jordan.muller@hrpoint.io","hrpoint.io","555-458-7710","231 Park Hill, Chicago, IL","HRPoint","193-55-7577","RG7805943","HR Coordinator"
"Sophie de Brauw","6011 2391 1687 2089","mailto:sophie.d@focusgroup.com","focusgroup.com","555-851-7899","77 Forest Dr, Phoenix, AZ","Focus Group","765-80-1349","PK2938716","Recruitment Partner"
"Alvin Sanders","3715 397472 88412","mailto:alvins@selectstaffings.com","selectstaffings.com","555-144-1599","22 Watercrest, Salt Lake, UT","SelectStaffings","804-29-3946","YK0987272","Senior Talent Recruiter"
"Emily Nguyen","6011 0643 7010 2946","mailto:emilyn@peopleroots.com","peopleroots.com","555-008-7712","190 Lake Shore, Baton Rouge, LA","PeopleRoots","273-95-2003","AB9281737","Human Resources Partner"
"Frances Price","5105 9937 4928 4526","mailto:frances@hiringpath.com","hiringpath.com","555-199-1002","82 4th Ave, Detroit, MI","Hiring Path","107-30-5531","JR5662122","HR Sourcing Specialist"
"Kofi Mensah","6011 1762 3880 2172","mailto:kofimensah@rightjobs.com","rightjobs.com","555-581-8089","40 Club Rd, Orlando, FL","RightJobs","292-08-2769","OA1203895","Staffing Coordinator"
"Leda Moreno","4539 8831 9922 8109","mailto:leda.m@talentorigin.io","talentorigin.io","555-237-1219","162 Glynn Rd, Boise, ID","TalentOrigin","652-19-7774","YW5032218","Recruitment Advisor"
"Yusuf Adeeb","6011 8739 0100 9441","mailto:yusuf.adeeb@synergyhr.com","synergyhr.com","555-654-0621","93 Stoneybroke, Detroit, MI","Synergy HR","289-02-6088","QW2109902","HR Recruiter"
"Caroline Porter","5105 7839 0039 5208","mailto:cporter@hrrisecorp.net","hrrisecorp.net","555-526-9039","40 Sunset Blvd, Charlotte, NC","HR Rise Corp","346-92-0021","KQ3872923","HR Operations Manager"
"Shreya Verma","4532 9912 6922 6371","mailto:shreyav@rekruity.org","rekruity.org","555-785-2216","4 Bay Hill, Seattle, WA","Rekruity","231-93-7854","WX6810098","HR Partner"
"Brian Lopez","6011 8282 1008 2081","mailto:brian.lopez@talentgenius.com","talentgenius.com","555-099-1473","11 Valley St, Portland, OR","Talent Genius","821-14-9101","YT3498237","HR Admin"
"Daria Volkov","3717 002938 55674","mailto:daria.volkov@recruttrack.com","recruttrack.com","555-319-3325","247 Coastline, Phoenix, AZ","RecrutTrack","565-26-6645","UV9036631","Recruitment Administrator"
"Caleb Knight","5105 0918 3008 3122","mailto:caleb@quickhire.net","quickhire.net","555-722-9276","100 Daffodil St, Dallas, TX","QuickHire","106-41-4871","KI3209571","TA Coordinator"
"Adriana Sousa","6011 3355 7542 1582","mailto:adriana.s@epichr.com","epichr.com","555-153-9937","21 Windy Ct, San Jose, CA","Epic HR","327-39-9140","TP2130988","Human Resources Officer"